Metric,Fear,Greed
Average PnL,128.28795029591174,53.988003244420824
Avg Leverage Proxy,1151884630.0814977,3819955887.2877965
Total Volume,79674391.06,57045815.74
